kept_variables,coefficient
(Intercept),-15273.681933606576
width,113.37882623424753
`curb-weight`,7.309714771535553
horsepower,13.261481187134295
